{"cameraMode":{"drawMode":0,"name":"Shaded","section":"Shading Mode"},"sceneLighting":true,"audioPlay":false,"sceneViewState":{"m_AlwaysRefresh":false,"showFog":true,"showSkybox":false,"showFlares":true,"showImageEffects":true,"showParticleSystems":true,"showVisualEffectGraphs":true,"m_FxEnabled":true},"in2DMode":false,"pivot":{"x":-0.34508782625198367,"y":0.04239547252655029,"z":0.622652530670166},"rotation":{"x":0.2849188446998596,"y":0.11267981678247452,"z":-0.033747971057891849,"w":0.9513079524040222},"size":1.7181499004364014,"orthographic":false}