{"cameraMode":{"drawMode":0,"name":"Shaded","section":"Shading Mode"},"sceneLighting":false,"audioPlay":false,"sceneViewState":{"m_AlwaysRefresh":false,"showFog":true,"showSkybox":false,"showFlares":true,"showImageEffects":true,"showParticleSystems":true,"showVisualEffectGraphs":true,"m_FxEnabled":true},"in2DMode":false,"pivot":{"x":540.0604858398438,"y":959.8876953125,"z":-0.04494631290435791},"rotation":{"x":0.15921585261821748,"y":0.004442588891834021,"z":-0.0007164868875406683,"w":0.9872342944145203},"size":0.40160754323005679,"orthographic":false}